{
  "model_name": "nn_zero_inflated",
  "R2": 0.7845575067695125,
  "MSE": 0.023452976646244336,
  "RMSE": 0.15314364709724115,
  "MAE": 0.061166416671239086
}