{
  "model_name": "nn_zero_inflated_experiments",
  "R2": 0.7850994173517374,
  "MSE": 0.023393984494609357,
  "RMSE": 0.15295092184949183,
  "MAE": 0.06436964484817129
}