{
  "MAE": 0.0003843965931795489,
  "RMSE": 0.0012320913800985395,
  "R2": 0.9999856345696319
}