model,R2,RMSE,MSE,MAE
nn_dense_1,0.794199962492701,0.149677329900158,0.0224033030860407,0.065420862572783
nn_dense_2,0.7940561139910884,0.149729630907579,0.0224189623717198,0.0660486324487917
nn_dense_3,0.7943364640150729,0.149627683231896,0.0223884435893446,0.0711261576788536
xgb_baseline,0.7923388992533807,0.1481361912919556,0.0219443311704868,0.0699509392693378
nn_zero_inflated_experiments,0.7845575067695125,0.15314364709724115,,0.0234529, 0.061166416671239086
