model,R2,RMSE
nn_zero_inflated_experiments,0.7850994173517374,0.15295092184949183
